area,country,capital,short,population
468,Andorra,Andorra la Vella,ad,76098
83600,The United Arab Emirates,Abu Dhabi,ae,8264070
652090,Afghanistan,Kabul,af,25500100
442,Antigua and Barbuda,St. John's,ag,86295
28748,Albania,Tirana,al,2821977
29800,Armenia,Yerevan,am,3017400
1246700,Angola,Luanda,ao,20609294
2780400,Argentina,Buenos Aires,ar,41660096
83858,Austria,Vienna,at,8504850
7741220,Australia,Canberra,au,23414552
86600,Azerbaijan,Baku,az,9477100
51197,Bosnia and Herzegovina,Sarajevo,ba,3791622
430,Barbados,Bridgetown,bb,285000
143998,Bangladesh,Dhaka,bd,152518015
32545,Belgium,Brussels,be,11132269
274000,Burkina Faso,Ouagadougou,bf,17322796
110912,Bulgaria,Sofia,bg,7282041
694,Bahrain,Manama,bh,1234571
27834,Burundi,Bujumbura,bi,10163000
112622,Benin,Porto-Novo,bj,10323000
5765,Brunei,Bandar Seri Begawan,bn,393162
1098580,Bolivia,Sucre,bo,10027254
8514880,Brazil,Braslia,br,201032714
13878,The Bahamas,Nassau,bs,351461
47000,Bhutan,Thimphu,bt,745200
581730,Botswana,Gaborone,bw,2024904
207600,Belarus,Minsk,by,9468100
22966,Belize,Belmopan,bz,349728
9970610,Canada,Ottawa,ca,35295770
2344860,The Democratic Republic of the Congo,Kinshasa,cd,67514000
622984,The Central African Republic,Bangui,cf,4616000
342000,The Republic of the Congo,Brazzaville,cg,4448000
41284,Switzerland,Bern,ch,8112200
322463,Cote d'Ivoire,Yamoussoukro,ci,23202000
240,Cook Islands,Avarua,ck,14974
756096,Chile,Santiago,cl,16341929
475442,Cameroon,Yaound,cm,20386799
9640820,The People's Republic of China,Beijing,cn,1363350000
1138910,Colombia,Bogot,co,47506000
51100,Costa Rica,San Jos,cr,4667096
110861,Cuba,Havana,cu,11167325
4033,Cape Verde,Praia,cv,491875
9251,Cyprus,Nicosia,cy,865878
78866,The Czech Republic,Prague,cz,10513800
357022,Germany,Berlin,de,80619000
23200,Djibouti,Djibouti,dj,873000
43094,Denmark,Copenhagen,dk,5627235
751,Dominica,Roseau,dm,71293
48671,The Dominican Republic,Santo Domingo,do,9445281
2381740,Algeria,Algiers,dz,38700000
283561,Ecuador,Quito,ec,15699200
45100,Estonia,Tallinn,ee,1311870
980869,Egypt,Cairo,eg,86127000
266000,Western Sahara,Laayoune,eh,567000
117600,Eritrea,Asmara,er,6333000
505992,Spain,Madrid,es,46609700
1104300,Ethiopia,Addis Ababa,et,86613986
338145,Finland,Helsinki,fi,5452821
18274,Fiji,Suva,fj,858038
702,Micronesia,Palikir,fm,101351
551500,France,Paris,fr,65844000
267668,Gabon,Libreville,ga,1672000
242900,The United Kingdom,London,gb,63705000
344,Grenada,St. George's,gd,103328
69700,Georgia,Tbilisi,ge,4483800
238533,Ghana,Accra,gh,24658823
11295,The Gambia,Banjul,gm,1849000
245857,Guinea,Conakry,gn,10824200
28051,Equatorial Guinea,Malabo,gq,736296
131957,Greece,Athens,gr,10815197
108889,Guatemala,Guatemala City,gt,15806675
36125,Guinea-Bissau,Bissau,gw,1704000
214969,Guyana,Georgetown,gy,784894
112088,Honduras,Tegucigalpa,hn,8555072
56538,Croatia,Zagreb,hr,4290612
27750,Haiti,Port-au-Prince,ht,10413211
93032,Hungary,Budapest,hu,9906000
1904570,Indonesia,Jakarta,id,249866000
70273,Ireland,Dublin,ie,4593100
22145,Israel,Jerusalem,il,8146300
3287260,India,New Delhi,in,1241610000
438317,Iraq,Baghdad,iq,34035000
1648200,Iran,Tehran,ir,77288000
103000,Iceland,Reykjavk,is,325671
301318,Italy,Rome,it,59943933
10991,Jamaica,Kingston,jm,2711476
89342,Jordan,Amman,jo,6558900
377873,Japan,Tokyo,jp,127180000
580367,Kenya,Nairobi,ke,44354000
199900,Kyrgyzstan,Bishkek,kg,5663133
181035,Cambodia,Phnom Penh,kh,15135000
726,Kiribati,South Tarawa,ki,106461
2235,The Comoros,Moroni,km,743798
261,Saint Kitts and Nevis,Basseterre,kn,54000
120538,North Korea,Pyongyang,kp,24895000
99538,South Korea,Seoul,kr,50219669
17818,Kuwait,Kuwait City,kw,3065850
2724900,Kazakhstan,Astana,kz,17186000
236800,Laos,Vientiane,la,6580800
10400,Lebanon,Beirut,lb,4822000
539,Saint Lucia,Castries,lc,180000
160,Liechtenstein,Vaduz,li,37132
65610,Sri Lanka,Colombo,lk,20277597
111369,Liberia,Monrovia,lr,4294000
30355,Lesotho,Maseru,ls,2074000
65300,Lithuania,Vilnius,lt,2941953
2586,Luxembourg,Luxembourg City,lu,537000
64600,Latvia,Riga,lv,2003900
1759540,Libya,Tripoli,ly,6202000
446550,Morocco,Rabat,ma,33202300
2,Monaco,Monaco,mc,36136
33851,Moldova,Chisinau,md,3559500
13812,Montenegro,Podgorica,me,620029
587041,Madagascar,Antananarivo,mg,21263403
181,The Marshall Islands,Majuro,mh,56086
25713,Macedonia,Skopje,mk,2062294
1240190,Mali,Bamako,ml,15302000
676578,Myanmar,Naypyidaw,mm,53259000
1564120,Mongolia,Ulaanbaatar,mn,2931300
1025520,Mauritania,Nouakchott,mr,3461041
316,Malta,Valletta,mt,416055
2040,Mauritius,Port Louis,mu,1257900
298,Maldives,Mal?,mv,317280
118484,Malawi,Lilongwe,mw,16363000
1958200,Mexico,Mexico City,mx,119713203
329847,Malaysia,Kuala Lumpur,my,30041000
801590,Mozambique,Maputo,mz,23700715
824292,Namibia,Windhoek,na,2113077
1267000,Niger,Niamey,ne,17129076
923768,Nigeria,Abuja,ng,173615000
130000,Nicaragua,Managua,ni,6071045
41528,The Netherlands,Amsterdam,nl,16842200
385155,Norway,Oslo,no,5109056
147181,Nepal,Kathmandu,np,26494504
21,Nauru,Yaren District,nr,9945
260,Niue,Alofi,nu,1611
270534,New Zealand,Wellington,nz,4518330
309500,Oman,Muscat,om,3957000
75517,Panama,Panama City,pa,3405813
1285220,Peru,Lima,pe,30475144
462840,Papua New Guinea,Port Moresby,pg,7398500
300000,The Philippines,Manila,ph,99275100
796095,Pakistan,Islamabad,pk,185914000
312685,Poland,Warsaw,pl,38502396
91982,Portugal,Lisbon,pt,10487289
459,Palau,Ngerulmud,pw,20901
406752,Paraguay,Asunci?n,py,6783374
11000,Qatar,Doha,qa,2045239
238391,Romania,Bucharest,ro,20121641
77474,Serbia,Belgrade,rs,7181505
17098200,Russia,Moscow,ru,143700000
26338,Rwanda,Kigali,rw,10537222
2149690,Saudi Arabia,Riyadh,sa,29994272
28896,The Solomon Islands,Honiara,sb,581344
455,The Seychelles,Victoria,sc,90945
2505810,Sudan,Khartoum,sd,37964000
449964,Sweden,Stockholm,se,9651531
683,Singapore,Singapore,sg,5399200
20256,Slovenia,Ljubljana,si,2061963
49033,Slovakia,Bratislava,sk,5415949
71740,Sierra Leone,Freetown,sl,6190280
61,San Marino,San Marino,sm,33540
196722,Senegal,Dakar,sn,13567338
637657,Somalia,Mogadishu,so,10496000
163820,Suriname,Paramaribo,sr,534189
644329,South Sudan,Juba,ss,10625176
964,Sao Tome and Principe,S?o Tom?,st,187356
21041,El Salvador,San Salvador,sv,6340000
185180,Syria,Damascus,sy,21898000
17364,Swaziland,Mbabane,sz,1250000
1284000,Chad,N'Djamena,td,12825000
56785,Togo,Lom?,tg,6191155
513115,Thailand,Bangkok,th,65926261
143100,Tajikistan,Dushanbe,tj,8160000
14874,East Timor,Dili,tl,1066409
488100,Turkmenistan,Ashgabat,tm,5240000
163610,Tunisia,Tunis,tn,10886500
747,Tonga,Nuku'alofa,to,103036
783562,Turkey,Ankara,tr,76667864
5130,Trinidad and Tobago,Port of Spain,tt,1328019
26,Tuvalu,Funafuti,tv,11323
36188,The Republic of China,Taipei,tw,23379129
945087,Tanzania,Dodoma,tz,44928923
603700,Ukraine,Kiev (Kyiv),ua,45426200
241038,Uganda,Kampala,ug,35357000
9629090,The United States,Washington / District of Columbia,us,317706000
1723337,Alaska,Juneau,us_ak,735132
135767,Alabama,Montgomery,us_al,4833722
137733,Arkansas,Little Rock,us_ar,2959373
295233,Arizona,Phoenix,us_az,6626624
423968,California,Sacramento,us_ca,38332521
269602,Colorado,Denver,us_co,5268367
14356,Connecticut,Hartford,us_ct,3596080
6446,Delaware,Dover,us_de,925749
170312,Florida,Tallahassee,us_fl,19552860
153910,Georgia,Atlanta,us_ga,9992167
28314,Hawaii,Honolulu,us_hi,1404054
145746,Iowa,Des Moines,us_ia,3090416
216443,Idaho,Boise,us_id,1612136
149997,Illinois,Springfield,us_il,12882135
94327,Indiana,Indianapolis,us_in,6570902
213099,Kansas,Topeka,us_ks,2893957
104656,Kentucky,Frankfort,us_ky,4395295
135658,Louisiana,Baton Rouge,us_la,4625470
27335,Massachusetts,Boston,us_ma,6692824
32131,Maryland,Annapolis,us_md,5928814
91634,Maine,Augusta,us_me,1328302
250488,Michigan,Lansing,us_mi,9895622
225163,Minnesota,St. Paul,us_mn,5420380
180540,Missouri,Jefferson City,us_mo,6021988
125438,Mississippi,Jackson,us_ms,2991207
380832,Montana,Helena,us_mt,1015165
139391,North Carolina,Raleigh,us_nc,9848060
183107,North Dakota,Bismarck,us_nd,723393
200330,Nebraska,Lincoln,us_ne,1868516
24214,New Hampshire,Concord,us_nh,1323459
22592,New Jersey,Trenton,us_nj,8899339
314917,New Mexico,Santa Fe,us_nm,2085287
286380,Nevada,Carson City,us_nv,2790136
141297,New York,Albany,us_ny,19651127
116099,Ohio,Columbus,us_oh,11570808
181038,Oklahoma,Oklahoma City,us_ok,3850568
254800,Oregon,Salem,us_or,3930065
119279,Pennsylvania,Harrisburg,us_pa,12773801
4002,Rhode Island,Providence,us_ri,1051511
82931,South Carolina,Columbia,us_sc,4774839
199730,South Dakota,Pierre,us_sd,844877
109152,Tennessee,Nashville,us_tn,6495978
695660,Texas,Austin,us_tx,26448193
219882,Utah,Salt Lake City,us_ut,2900872
110787,Virginia,Richmond,us_va,8260405
24905,Vermont,Montpelier,us_vt,626630
184661,Washington,Olympia,us_wa,6971406
169634,Wisconsin,Madison,us_wi,5742713
62755,West Virginia,Charleston,us_wv,1854304
253335,Wyoming,Cheyenne,us_wy,582658
175016,Uruguay,Montevideo,uy,3286314
447400,Uzbekistan,Tashkent,uz,30183400
1,The Vatican City,Vatican City,va,839
388,Saint Vincent and the Grenadines,Kingstown,vc,109000
912050,Venezuela,Caracas,ve,28946101
331689,Vietnam,Hanoi,vn,89708900
12189,Vanuatu,Port Vila,vu,264652
2831,Samoa,Apia,ws,187820
10887,Kosovo,Pristina,xk,1815606
527968,Yemen,Sana?,ye,25235000
1221040,South Africa,Pretoria,za,52981991
752618,Zambia,Lusaka,zm,14580290
390757,Zimbabwe,Harare,zw,12973808
